,Test Accuracy,Test Precision,Test Recall,Test F1-Score
RandomForest,0.922438,0.927116,0.922438,0.923206
XGBoost,0.975069,0.975923,0.975069,0.975046
LightGBM,0.975069,0.975923,0.975069,0.975046
ExtraTrees,0.969529,0.969753,0.969529,0.969423
GradientBoosting,0.966759,0.967256,0.966759,0.966688